{"neutral":0.011857211589813232,"happy":0.02764969691634178,"sad":0.0006294702761806548,"angry":0.0862974226474762,"fearful":0.0009605097002349794,"disgusted":0.0027300468645989895,"surprised":0.8698756098747253}