{"neutral":0.000014013981854077429,"happy":0.9948321580886841,"sad":0.0005583118763752282,"angry":4.984359947002304e-8,"fearful":0.00458310404792428,"disgusted":5.955830495452119e-9,"surprised":0.00001238392542290967}