{"neutral":0.00007767166971461847,"happy":0.0007474093581549823,"sad":0.000011166787771799136,"angry":0.00011418204667279497,"fearful":0.4276164770126343,"disgusted":1.3440345014714694e-7,"surprised":0.5714329481124878}