{"neutral":0.9995057582855225,"happy":0.0000011577528766792966,"sad":0.0003705583221744746,"angry":0.000017054251657100394,"fearful":0.0000011445561085565714,"disgusted":3.154630405788339e-7,"surprised":0.00010394502896815538}