{"neutral":0.3107244074344635,"happy":0.09650960564613342,"sad":0.18962311744689941,"angry":0.047420110553503036,"fearful":0.022088034078478813,"disgusted":0.22682884335517883,"surprised":0.10680592060089111}