{"neutral":0.010442160069942474,"happy":0.000048044908908195794,"sad":0.00009519662125967443,"angry":0.000029236940463306382,"fearful":0.02561596967279911,"disgusted":0.000009109963684750255,"surprised":0.963760256767273}