{"neutral":0.00003615426612668671,"happy":0.9999340772628784,"sad":0.000006858908363938099,"angry":2.3467643828212204e-8,"fearful":0.000022051290216040798,"disgusted":6.724702075189271e-7,"surprised":1.8792304956605221e-7}