{"neutral":0.0000069110906224523205,"happy":1.0912675207919165e-9,"sad":1.966922846818875e-9,"angry":2.4679538412897273e-9,"fearful":0.014086127281188965,"disgusted":1.2109356850587005e-9,"surprised":0.9859069585800171}