{"neutral":0.3442383110523224,"happy":0.00003622329677455127,"sad":0.00043979441397823393,"angry":9.60275428951718e-7,"fearful":0.00423129927366972,"disgusted":2.515707819839008e-7,"surprised":0.6510531902313232}