{"neutral":0.7906667590141296,"happy":0.000003202835387128289,"sad":0.20566171407699585,"angry":2.929911602223001e-7,"fearful":0.0029034512117505074,"disgusted":1.141700565199244e-7,"surprised":0.0007645406876690686}