{"neutral":0.000007292133886949159,"happy":0.9994832277297974,"sad":0.0004904273082502186,"angry":0.000008425466148764826,"fearful":0.00000994610400084639,"disgusted":4.185122577382572e-7,"surprised":2.431629013699421e-7}